cell_id,cell
1,D07_0
2,D07_20
3,D07_21
4,D07_16
5,D07_15
6,D07_12
7,D07_9
8,D07_8
9,D07_10
10,D07_17
11,D07_2
12,D07_13
13,D07_24
14,D07_26
15,D07_11
16,D07_18
17,D07_25
18,D07_28
19,D07_3
20,D07_34
21,D07_29
22,D07_22
23,D07_27
24,D07_35
25,D07_36
26,D07_33
27,D07_32
28,D07_30
29,D07_37
30,D07_40
31,D07_39
32,D07_43
33,D07_41
34,D07_46
35,D07_44
36,D07_42
37,D07_49
38,D07_48
39,D07_51
40,D07_50
41,D07_53
42,D07_52
43,D07_56
44,D07_54
45,D07_55
46,D07_61
47,D07_62
48,D07_60
49,D07_57
50,D07_59
51,D07_58
52,D07_64
53,I04_0
54,I04_25
55,I04_52
56,I04_83
57,I04_42
58,I04_36
59,I04_48
60,I04_43
61,I04_28
62,I04_78
63,I04_67
64,I04_37
65,I04_38
66,I04_56
67,I04_81
68,I04_44
69,I04_60
70,I04_58
71,I04_66
72,I04_27
73,I04_1
74,I04_63
75,I04_50
76,I04_53
77,I04_55
78,I04_30
79,I04_47
80,I04_61
81,I04_64
82,I04_31
83,I04_34
84,I04_11
85,I04_39
86,I04_15
87,I04_49
88,I04_32
89,I04_71
90,I04_33
91,I04_24
92,I04_51
93,I04_59
94,I04_20
95,I04_26
96,I04_73
97,I04_18
98,I04_12
99,I04_19
100,I04_5
101,I04_80
102,I04_17
103,I04_57
104,I04_14
105,I04_6
106,I04_7
107,I04_9
108,I04_75
109,I04_72
110,I04_4
111,I04_69
112,I04_86
113,I04_79
114,I04_70
115,I04_76
116,I04_97
117,I04_94
118,I04_91
119,I04_90
120,I04_92
121,I04_93
122,I04_100
123,I04_99
124,I04_103
125,I04_95
126,I04_108
127,I04_105
128,I04_96
129,I04_114
130,I04_109
131,I04_102
132,I04_104
133,I04_120
134,I04_111
135,I04_113
136,I04_115
137,I04_112
138,I04_85
139,I04_119
140,I04_107
141,I04_127
142,I04_124
143,I04_123
144,I04_128
145,I04_126
146,I04_132
147,I04_134
148,I04_131
149,D06_0
150,D06_15
151,D06_3
152,D06_6
153,D06_11
154,D06_19
155,D06_12
156,D06_2
157,D06_1
158,D06_14
159,D06_13
160,D06_5
161,D06_18
162,D06_17
163,D06_8
164,D06_27
165,D06_16
166,D06_23
167,D06_31
168,D06_34
169,D06_22
170,D06_33
171,D06_21
172,D06_29
173,D06_30
174,D06_25
175,D06_36
176,D06_32
177,D06_40
178,D06_39
179,D06_42
180,D06_37
181,D06_35
182,D06_41
183,D06_43
184,D06_38
185,D06_44
186,D06_49
187,D06_46
188,D06_54
189,D06_52
190,D06_50
191,D06_47
192,D06_48
193,D06_57
194,D06_51
195,D06_56
196,D06_55
197,D06_58
198,D06_60
199,F04_0
200,F04_2
201,F04_5
202,F04_7
203,F04_10
204,F04_12
205,F04_14
206,F04_8
207,F04_13
208,F04_11
209,F04_17
210,F04_16
211,F04_15
212,F04_21
213,F04_19
214,F04_25
215,H08_0
216,H08_2
217,H08_10
218,H08_28
219,H08_8
220,H08_7
221,H08_15
222,H08_25
223,H08_6
224,H08_20
225,H08_27
226,H08_26
227,H08_12
228,H08_5
229,H08_24
230,H08_17
231,H08_13
232,H08_22
233,H08_30
234,H08_34
235,H08_33
236,H08_32
237,H08_29
238,H08_37
239,H08_36
240,H08_31
241,H08_35
242,H08_38
243,H08_39
244,H08_40
245,H08_42
246,H08_45
247,H08_43
248,H08_44
249,H08_46
250,H08_47
251,H08_49
252,H08_48
253,H08_52
254,H08_51
255,H08_50
256,H08_53
257,H08_55
258,H08_54
259,H08_57
260,H08_59
261,E06_0
262,E06_9
263,E06_16
264,E06_1
265,E06_2
266,E06_7
267,E06_36
268,E06_31
269,E06_22
270,E06_28
271,E06_15
272,E06_8
273,E06_29
274,E06_13
275,E06_33
276,E06_32
277,E06_38
278,E06_34
279,E06_40
280,E06_46
281,E06_39
282,E06_42
283,E06_48
284,E06_44
285,E06_43
286,E06_49
287,E06_52
288,E06_58
289,E06_47
290,E06_56
291,E06_57
292,E06_61
293,E06_51
294,E06_53
295,E06_50
296,E06_55
297,E06_65
298,E06_63
299,E06_59
300,E06_60
301,E06_62
302,E06_66
303,E06_71
304,E06_79
305,E06_67
306,E06_68
307,E06_74
308,E06_70
309,E06_69
310,E06_77
311,E06_73
312,E06_72
313,E06_75
314,E06_76
315,E06_80
316,E06_87
317,E06_86
318,D08_0
319,D08_3
320,D08_17
321,D08_8
322,D08_7
323,D08_1
324,D08_6
325,D08_10
326,D08_24
327,D08_4
328,D08_2
329,D08_5
330,D08_16
331,D08_18
332,D08_14
333,D08_20
334,D08_23
335,D08_19
336,D08_27
337,D08_25
338,D08_28
339,D08_29
340,D08_26
341,D08_22
342,D08_32
343,D08_31
344,D08_30
345,D08_34
346,D08_33
347,D08_40
348,D08_37
349,D08_42
350,D08_45
351,D08_41
352,D08_43
353,D08_36
354,D08_46
355,D08_44
356,D08_38
357,D08_47
358,D08_39
359,D08_55
360,D08_54
361,D08_53
362,D08_50
363,D08_49
364,D08_58
365,D08_63
366,D08_48
367,D08_57
368,D08_59
369,D08_66
370,D08_61
371,D08_69
372,D08_56
373,D08_65
374,D08_60
375,D08_68
376,D08_62
377,D08_67
378,D08_71
379,D08_73
380,D08_64
381,D08_74
382,D08_72
383,D08_70
384,D08_75
385,D08_77
386,H04_0
387,H04_2
388,H04_4
389,H04_5
390,H04_3
391,H04_12
392,H04_7
393,H04_10
394,H04_14
395,H04_9
396,H04_13
397,H04_15
398,H04_16
399,H04_17
400,H04_20
401,H04_19
402,H04_25
403,H04_18
404,H04_27
405,H04_21
406,H04_28
407,H04_23
408,H04_30
409,H04_29
410,H04_36
411,H04_34
412,H04_31
413,H04_32
414,H04_35
415,H04_43
416,H04_40
417,H04_44
418,H04_37
419,H04_41
420,H04_39
421,H04_45
422,H04_42
423,D05_0
424,D05_9
425,D05_5
426,D05_8
427,D05_10
428,D05_2
429,D05_17
430,D05_12
431,D05_7
432,D05_6
433,D05_16
434,D05_15
435,D05_1
436,D05_11
437,D05_13
438,D05_3
439,D05_20
440,D05_25
441,D05_30
442,D05_27
443,D05_18
444,D05_29
445,D05_39
446,D05_14
447,D05_22
448,D05_19
449,D05_23
450,D05_26
451,D05_24
452,D05_36
453,D05_53
454,D05_28
455,D05_33
456,D05_43
457,D05_58
458,D05_32
459,D05_55
460,D05_61
461,D05_37
462,D05_59
463,D05_52
464,D05_40
465,D05_42
466,D05_45
467,D05_44
468,D05_65
469,D05_48
470,D05_47
471,D05_54
472,D05_50
473,D05_56
474,D05_49
475,D05_63
476,D05_70
477,D05_51
478,D05_62
479,D05_71
480,D05_60
481,D05_41
482,D05_57
483,D05_69
484,D05_67
485,D05_91
486,D05_92
487,D05_82
488,D05_74
489,D05_66
490,D05_72
491,D05_64
492,D05_86
493,D05_97
494,D05_77
495,D05_79
496,D05_76
497,D05_78
498,D05_90
499,D05_88
500,D05_68
501,D05_83
502,D05_81
503,D05_87
504,D05_80
505,D05_94
506,D05_93
507,D05_96
508,D05_95
509,D05_101
510,D05_98
511,D05_102
512,D05_89
513,D05_100
514,D05_104
515,G06_28
516,G06_91
517,G06_0
518,G06_15
519,G06_42
520,G06_23
521,G06_31
522,G06_18
523,G06_94
524,G06_74
525,G06_80
526,G06_85
527,G06_24
528,G06_53
529,G06_30
530,G06_35
531,G06_82
532,G06_92
533,G06_81
534,G06_89
535,G06_68
536,G06_77
537,G06_69
538,G06_46
539,G06_79
540,G06_75
541,G06_29
542,G06_54
543,G06_57
544,G06_98
545,G06_72
546,G06_83
547,G06_99
548,G06_58
549,G06_7
550,G06_73
551,G06_43
552,G06_8
553,G06_34
554,G06_45
555,G06_38
556,G06_12
557,G06_13
558,G06_51
559,G06_20
560,G06_67
561,G06_124
562,G06_70
563,G06_49
564,G06_17
565,G06_11
566,G06_112
567,G06_93
568,G06_66
569,G06_19
570,G06_33
571,G06_27
572,G06_105
573,G06_25
574,G06_39
575,G06_40
576,G06_78
577,G06_133
578,G06_37
579,G06_41
580,G06_62
581,G06_26
582,G06_76
583,G06_119
584,G06_110
585,G06_87
586,G06_44
587,G06_21
588,G06_118
589,G06_113
590,G06_60
591,G06_71
592,G06_102
593,G06_103
594,G06_14
595,G06_107
596,G06_109
597,G06_101
598,G06_50
599,G06_127
600,G06_6
601,G06_114
602,G06_140
603,G06_111
604,G06_125
605,G06_117
606,G06_106
607,G06_139
608,G06_126
609,G06_120
610,G06_123
611,G06_132
612,G06_10
613,G06_121
614,G06_137
615,G06_135
616,G06_136
617,G06_32
618,G06_129
619,G06_131
620,G06_151
621,G06_155
622,G06_144
623,G06_116
624,G06_159
625,G06_130
626,G06_153
627,G06_134
628,G06_198
629,G06_158
630,G06_138
631,G06_152
632,G06_169
633,G06_154
634,G06_141
635,G06_160
636,G06_156
637,G06_162
638,G06_163
639,G06_165
640,G06_168
641,G06_157
642,G06_161
643,G06_166
644,G06_175
645,G06_170
646,G06_177
647,G06_149
648,G06_184
649,G06_200
650,G06_173
651,G06_182
652,G06_179
653,G06_176
654,G06_186
655,G06_185
656,G06_183
657,G06_150
658,G06_180
659,G06_187
660,G06_181
661,G06_195
662,G06_174
663,G06_190
664,G06_194
665,G06_196
666,G06_204
667,G06_193
668,G06_189
669,G06_191
670,G06_222
671,G06_203
672,G06_197
673,G06_201
674,G06_205
675,G06_230
676,G06_220
677,G06_209
678,G06_225
679,G06_212
680,G06_224
681,G06_223
682,G06_226
683,G06_234
684,G06_217
685,G06_202
686,G06_216
687,G06_239
688,G06_208
689,G06_210
690,G06_213
691,G06_221
692,G06_218
693,G06_237
694,G06_214
695,G06_246
696,G06_206
697,G06_235
698,G06_244
699,G06_232
700,G06_245
701,G06_236
702,G06_215
703,G06_242
704,G06_233
705,G06_240
706,G06_251
707,G06_254
708,G06_248
709,G06_241
710,G06_266
711,G06_259
712,G06_250
713,G06_264
714,G06_261
715,G06_262
716,G06_268
717,G06_278
718,G06_252
719,G06_272
720,G06_275
721,G06_271
722,G06_263
723,G06_257
724,F05_2
725,F05_0
726,F05_13
727,F05_5
728,F05_10
729,F05_11
730,F05_9
731,F05_12
732,F05_16
733,F05_6
734,F05_15
735,F05_18
736,F05_19
737,F05_17
738,F05_14
739,F05_20
740,F05_21
741,F05_25
742,F05_29
743,F05_22
744,F05_28
745,F05_27
746,F05_31
747,F05_38
748,F05_32
749,F05_35
750,F05_33
751,F05_37
752,F05_34
753,F05_40
754,F05_36
755,F05_43
756,F05_44
757,F05_46
758,F05_45
759,F05_48
760,I06_34
761,I06_0
762,I06_35
763,I06_14
764,I06_54
765,I06_15
766,I06_39
767,I06_17
768,I06_2
769,I06_27
770,I06_29
771,I06_43
772,I06_31
773,I06_41
774,I06_21
775,I06_8
776,I06_11
777,I06_23
778,I06_18
779,I06_32
780,I06_56
781,I06_51
782,I06_33
783,I06_47
784,I06_6
785,I06_30
786,I06_7
787,I06_53
788,I06_25
789,I06_22
790,I06_12
791,I06_72
792,I06_66
793,I06_55
794,I06_52
795,I06_36
796,I06_62
797,I06_64
798,I06_13
799,I06_67
800,I06_37
801,I06_16
802,I06_4
803,I06_19
804,I06_38
805,I06_10
806,I06_3
807,I06_44
808,I06_24
809,I06_48
810,I06_9
811,I06_1
812,I06_28
813,I06_73
814,I06_79
815,I06_70
816,I06_65
817,I06_50
818,I06_46
819,I06_77
820,I06_76
821,I06_81
822,I06_80
823,I06_83
824,I06_90
825,I06_92
826,I06_82
827,I06_85
828,I06_75
829,I06_88
830,I06_84
831,I06_86
832,I06_91
833,I06_98
834,I06_97
835,I06_87
836,I06_95
837,I06_94
838,I06_101
839,I06_99
840,I06_100
841,I06_109
842,I06_110
843,I06_106
844,I06_104
845,I06_111
846,I06_103
847,I06_107
848,I06_116
849,I06_113
850,I06_114
851,I06_117
852,I06_118
853,I06_93
854,I06_122
855,I06_123
856,I06_130
857,I06_127
858,I06_112
859,I06_124
860,I06_119
861,I06_120
862,I06_135
863,I06_126
864,I06_128
865,I06_121
866,I06_139
867,I06_132
868,I06_138
869,I06_125
870,I06_140
871,I06_137
872,I06_144
873,I06_133
874,I06_136
875,I06_153
876,I06_143
877,I06_146
878,I06_145
879,I06_151
880,I06_152
881,I06_162
882,I06_150
883,I06_155
884,I06_159
885,I06_158
886,I06_161
887,I06_165
888,D03_0
889,D03_9
890,D03_3
891,D03_5
892,D03_8
893,D03_4
894,D03_1
895,D03_7
896,D03_17
897,D03_13
898,D03_25
899,D03_16
900,D03_23
901,D03_6
902,D03_15
903,D03_19
904,D03_14
905,D03_37
906,D03_21
907,D03_28
908,D03_24
909,D03_10
910,D03_20
911,D03_18
912,D03_29
913,D03_30
914,D03_27
915,D03_33
916,D03_38
917,D03_34
918,D03_45
919,D03_31
920,D03_51
921,D03_41
922,D03_11
923,D03_22
924,D03_58
925,D03_56
926,D03_44
927,D03_49
928,D03_66
929,D03_55
930,D03_26
931,D03_46
932,D03_35
933,D03_43
934,D03_48
935,D03_63
936,D03_54
937,D03_60
938,D03_53
939,D03_67
940,D03_59
941,D03_64
942,D03_62
943,D03_74
944,D03_71
945,D03_70
946,D03_78
947,D03_73
948,D03_68
949,D03_84
950,D03_76
951,D03_81
952,D03_69
953,D03_82
954,D03_57
955,D03_89
956,D03_77
957,D03_92
958,D03_80
959,D03_79
960,D03_90
961,D03_94
962,D03_95
963,D03_96
964,D03_99
965,D03_97
966,D03_83
967,D03_101
968,D03_100
969,I05_69
970,I05_57
971,I05_73
972,I05_6
973,I05_72
974,I05_61
975,I05_53
976,I05_13
977,I05_76
978,I05_0
979,I05_83
980,I05_60
981,I05_99
982,I05_48
983,I05_70
984,I05_97
985,I05_65
986,I05_115
987,I05_114
988,I05_123
989,I05_103
990,I05_47
991,I05_66
992,I05_12
993,I05_58
994,I05_102
995,I05_51
996,I05_37
997,I05_28
998,I05_94
999,I05_16
1000,I05_22
1001,I05_15
1002,I05_1
1003,I05_25
1004,I05_23
1005,I05_19
1006,I05_30
1007,I05_20
1008,I05_26
1009,I05_18
1010,I05_38
1011,I05_127
1012,I05_141
1013,I05_104
1014,I05_42
1015,I05_32
1016,I05_35
1017,I05_71
1018,I05_41
1019,I05_43
1020,I05_121
1021,I05_36
1022,I05_45
1023,I05_111
1024,I05_80
1025,I05_33
1026,I05_44
1027,I05_133
1028,I05_2
1029,I05_147
1030,I05_62
1031,I05_91
1032,I05_124
1033,I05_116
1034,I05_75
1035,I05_118
1036,I05_110
1037,I05_14
1038,I05_128
1039,I05_86
1040,I05_117
1041,I05_113
1042,I05_105
1043,I05_108
1044,I05_88
1045,I05_188
1046,I05_63
1047,I05_140
1048,I05_9
1049,I05_49
1050,I05_137
1051,I05_87
1052,I05_132
1053,I05_148
1054,I05_131
1055,I05_142
1056,I05_130
1057,I05_134
1058,I05_112
1059,I05_126
1060,I05_153
1061,I05_149
1062,I05_139
1063,I05_144
1064,I05_146
1065,I05_173
1066,I05_136
1067,I05_161
1068,I05_152
1069,I05_145
1070,I05_122
1071,I05_154
1072,I05_166
1073,I05_151
1074,I05_169
1075,I05_150
1076,I05_158
1077,I05_170
1078,I05_174
1079,I05_156
1080,I05_167
1081,I05_155
1082,I05_163
1083,I05_179
1084,I05_159
1085,I05_157
1086,I05_138
1087,I05_182
1088,I05_219
1089,I05_168
1090,I05_184
1091,I05_175
1092,I05_183
1093,I05_199
1094,I05_180
1095,I05_205
1096,I05_190
1097,I05_209
1098,I05_196
1099,I05_185
1100,I05_195
1101,I05_210
1102,I05_160
1103,I05_203
1104,I05_218
1105,I05_217
1106,I05_202
1107,I05_201
1108,I05_232
1109,I05_215
1110,I05_208
1111,I05_233
1112,I05_216
1113,I05_228
1114,I05_227
1115,I05_192
1116,I05_230
1117,I05_238
1118,I05_248
1119,I05_240
1120,I05_193
1121,I05_224
1122,I05_225
1123,I05_236
1124,I05_222
1125,I05_229
1126,I05_242
1127,I05_234
1128,I05_237
1129,I05_265
1130,I05_239
1131,I05_255
1132,I05_223
1133,I05_244
1134,I05_274
1135,I05_253
1136,I05_266
1137,I05_267
1138,I05_251
1139,I05_231
1140,I05_245
1141,I05_260
1142,I05_258
1143,I05_257
1144,I05_235
1145,I05_250
1146,I05_262
1147,I05_263
1148,I05_259
1149,I05_280
1150,I05_283
1151,I05_270
1152,I05_276
1153,I05_282
1154,I05_284
1155,E08_0
1156,E08_10
1157,E08_5
1158,E08_13
1159,E08_8
1160,E08_3
1161,E08_15
1162,E08_9
1163,E08_6
1164,E08_20
1165,E08_11
1166,E08_2
1167,E08_17
1168,E08_14
1169,E08_7
1170,E08_21
1171,E08_23
1172,E08_22
1173,E08_25
1174,E08_28
1175,E08_26
1176,E08_31
1177,E08_33
1178,E08_29
1179,E08_30
1180,E08_32
1181,E08_34
1182,E08_39
1183,E08_42
1184,E08_37
1185,E08_36
1186,E08_41
1187,E08_38
1188,E08_50
1189,E08_43
1190,E08_48
1191,E08_44
1192,E08_45
1193,E08_47
1194,G08_0
1195,G08_11
1196,G08_19
1197,G08_25
1198,G08_27
1199,G08_30
1200,G08_35
1201,G08_15
1202,G08_26
1203,G08_16
1204,G08_6
1205,G08_22
1206,G08_32
1207,G08_29
1208,G08_42
1209,G08_40
1210,G08_21
1211,G08_39
1212,G08_24
1213,G08_10
1214,G08_17
1215,G08_45
1216,G08_49
1217,G08_38
1218,G08_47
1219,G08_51
1220,G08_37
1221,G08_46
1222,G08_48
1223,G08_12
1224,G08_62
1225,G08_52
1226,G08_43
1227,G08_20
1228,G08_58
1229,G08_61
1230,G08_53
1231,G08_56
1232,G08_44
1233,G08_55
1234,G08_71
1235,G08_54
1236,G08_59
1237,G08_57
1238,G08_64
1239,G08_75
1240,G08_65
1241,G08_60
1242,G08_68
1243,G08_66
1244,G08_72
1245,G08_79
1246,G08_73
1247,G08_70
1248,G08_69
1249,G08_78
1250,G08_92
1251,G08_76
1252,G08_74
1253,G08_84
1254,G08_90
1255,G08_80
1256,G08_83
1257,G08_87
1258,G08_91
1259,G08_85
1260,G08_88
1261,G08_82
1262,G08_97
1263,G08_102
1264,G08_94
1265,G08_113
1266,G08_114
1267,G08_89
1268,G08_110
1269,G08_98
1270,G08_104
1271,G08_107
1272,G08_99
1273,G08_96
1274,G08_105
1275,G08_120
1276,G08_109
1277,G08_101
1278,G08_106
1279,G08_119
1280,G08_116
1281,G08_100
1282,G08_111
1283,G08_108
1284,G08_123
1285,G08_118
1286,G08_115
1287,G08_112
1288,G08_125
1289,G08_124
1290,G08_127
1291,G08_132
1292,G08_122
1293,G08_126
1294,G08_133
1295,G08_128
1296,G03_0
1297,G03_3
1298,G03_2
1299,G03_13
1300,G03_5
1301,G03_14
1302,G03_10
1303,G03_7
1304,G03_11
1305,G03_4
1306,G03_9
1307,G03_15
1308,G03_19
1309,G03_20
1310,G03_18
1311,G03_23
1312,G03_22
1313,G03_27
1314,G03_24
1315,G03_26
1316,G03_17
1317,G03_25
1318,G03_30
1319,G03_34
1320,G03_33
1321,G03_31
1322,G03_29
1323,G03_39
1324,G03_36
1325,G03_32
1326,G03_37
1327,G03_38
1328,G03_40
1329,G03_35
1330,G03_43
1331,G03_44
1332,G03_42
1333,G03_54
1334,G03_41
1335,G03_47
1336,G03_53
1337,G03_51
1338,G03_52
1339,G03_56
1340,G03_49
1341,G03_57
1342,J06_0
1343,J06_41
1344,J06_34
1345,J06_44
1346,J06_37
1347,J06_27
1348,J06_31
1349,J06_81
1350,J06_19
1351,J06_9
1352,J06_32
1353,J06_74
1354,J06_48
1355,J06_63
1356,J06_6
1357,J06_84
1358,J06_39
1359,J06_111
1360,J06_18
1361,J06_24
1362,J06_54
1363,J06_85
1364,J06_95
1365,J06_92
1366,J06_22
1367,J06_33
1368,J06_40
1369,J06_59
1370,J06_13
1371,J06_50
1372,J06_16
1373,J06_83
1374,J06_29
1375,J06_103
1376,J06_20
1377,J06_52
1378,J06_38
1379,J06_60
1380,J06_104
1381,J06_4
1382,J06_78
1383,J06_67
1384,J06_61
1385,J06_86
1386,J06_3
1387,J06_42
1388,J06_89
1389,J06_124
1390,J06_69
1391,J06_26
1392,J06_28
1393,J06_98
1394,J06_12
1395,J06_87
1396,J06_102
1397,J06_35
1398,J06_71
1399,J06_93
1400,J06_15
1401,J06_96
1402,J06_97
1403,J06_21
1404,J06_94
1405,J06_117
1406,J06_56
1407,J06_114
1408,J06_90
1409,J06_119
1410,J06_113
1411,J06_100
1412,J06_121
1413,J06_88
1414,J06_130
1415,J06_126
1416,J06_108
1417,J06_99
1418,J06_1
1419,J06_106
1420,J06_105
1421,J06_109
1422,J06_82
1423,J06_136
1424,J06_110
1425,J06_112
1426,J06_132
1427,J06_128
1428,J06_116
1429,J06_76
1430,J06_118
1431,J06_122
1432,J06_131
1433,J06_123
1434,J06_120
1435,J06_138
1436,J06_107
1437,J06_129
1438,J06_144
1439,J06_148
1440,J06_133
1441,J06_139
1442,J06_137
1443,J06_140
1444,J06_149
1445,J06_160
1446,J06_169
1447,J06_152
1448,J06_142
1449,J06_165
1450,J06_143
1451,J06_178
1452,J06_145
1453,J06_150
1454,J06_146
1455,J06_167
1456,J06_153
1457,J06_159
1458,J06_154
1459,J06_157
1460,J06_175
1461,J06_188
1462,J06_158
1463,J06_173
1464,J06_186
1465,J06_164
1466,J06_155
1467,J06_163
1468,J06_185
1469,J06_172
1470,J06_147
1471,J06_166
1472,J06_191
1473,J06_202
1474,J06_170
1475,J06_182
1476,J06_187
1477,J06_176
1478,J06_180
1479,J06_171
1480,J06_161
1481,J06_168
1482,J06_181
1483,J06_184
1484,J06_192
1485,J06_183
1486,J06_217
1487,J06_196
1488,J06_190
1489,J06_200
1490,J06_197
1491,J06_201
1492,J06_221
1493,J06_211
1494,J06_207
1495,J06_226
1496,J06_195
1497,J06_203
1498,J06_205
1499,J06_204
1500,J06_229
1501,J06_216
1502,J06_206
1503,J06_227
1504,J06_224
1505,J06_209
1506,J06_208
1507,J06_215
1508,J06_232
1509,J06_193
1510,J06_214
1511,J06_239
1512,J06_219
1513,J06_234
1514,J06_222
1515,J06_223
1516,J06_218
1517,J06_220
1518,J06_235
1519,J06_236
1520,J06_238
1521,J06_230
1522,J06_244
1523,J06_253
1524,J06_257
1525,J06_233
1526,J06_237
1527,J06_241
1528,J06_242
1529,J06_243
1530,J06_259
1531,J06_256
1532,J06_247
1533,J06_254
1534,J06_255
1535,J06_260
1536,J06_264
1537,H05_0
1538,H05_55
1539,H05_45
1540,H05_37
1541,H05_44
1542,H05_59
1543,H05_70
1544,H05_87
1545,H05_42
1546,H05_22
1547,H05_47
1548,H05_74
1549,H05_75
1550,H05_51
1551,H05_61
1552,H05_16
1553,H05_123
1554,H05_88
1555,H05_82
1556,H05_89
1557,H05_80
1558,H05_127
1559,H05_35
1560,H05_90
1561,H05_31
1562,H05_102
1563,H05_27
1564,H05_24
1565,H05_64
1566,H05_104
1567,H05_57
1568,H05_77
1569,H05_134
1570,H05_23
1571,H05_66
1572,H05_13
1573,H05_25
1574,H05_10
1575,H05_69
1576,H05_43
1577,H05_79
1578,H05_36
1579,H05_78
1580,H05_62
1581,H05_29
1582,H05_85
1583,H05_30
1584,H05_60
1585,H05_101
1586,H05_81
1587,H05_119
1588,H05_50
1589,H05_76
1590,H05_20
1591,H05_28
1592,H05_41
1593,H05_120
1594,H05_63
1595,H05_95
1596,H05_40
1597,H05_5
1598,H05_15
1599,H05_68
1600,H05_33
1601,H05_121
1602,H05_92
1603,H05_72
1604,H05_109
1605,H05_122
1606,H05_38
1607,H05_93
1608,H05_12
1609,H05_17
1610,H05_117
1611,H05_103
1612,H05_94
1613,H05_84
1614,H05_65
1615,H05_91
1616,H05_52
1617,H05_11
1618,H05_83
1619,H05_105
1620,H05_133
1621,H05_9
1622,H05_114
1623,H05_111
1624,H05_113
1625,H05_110
1626,H05_73
1627,H05_129
1628,H05_39
1629,H05_53
1630,H05_96
1631,H05_98
1632,H05_46
1633,H05_125
1634,H05_124
1635,H05_140
1636,H05_126
1637,H05_137
1638,H05_131
1639,H05_100
1640,H05_56
1641,H05_147
1642,H05_138
1643,H05_143
1644,H05_135
1645,H05_136
1646,H05_142
1647,H05_139
1648,H05_153
1649,H05_144
1650,H05_151
1651,H05_132
1652,H05_159
1653,H05_146
1654,H05_141
1655,H05_165
1656,H05_172
1657,H05_150
1658,H05_164
1659,H05_149
1660,H05_152
1661,H05_161
1662,H05_128
1663,H05_156
1664,H05_157
1665,H05_155
1666,H05_168
1667,H05_163
1668,H05_166
1669,H05_170
1670,H05_167
1671,H05_169
1672,H05_154
1673,H05_177
1674,H05_186
1675,H05_175
1676,H05_191
1677,H05_178
1678,H05_174
1679,H05_162
1680,H05_179
1681,H05_190
1682,H05_193
1683,H05_182
1684,H05_185
1685,H05_173
1686,H05_188
1687,H05_200
1688,H05_189
1689,H05_203
1690,H05_184
1691,H05_204
1692,H05_183
1693,H05_192
1694,H05_212
1695,H05_197
1696,H05_214
1697,H05_208
1698,H05_198
1699,H05_201
1700,H05_209
1701,H05_199
1702,H05_223
1703,H05_194
1704,H05_221
1705,H05_210
1706,H05_222
1707,H05_211
1708,H05_218
1709,H05_217
1710,H05_219
1711,H05_225
1712,H05_227
1713,H05_215
1714,H05_228
1715,H05_229
1716,F06_0
1717,F06_8
1718,F06_31
1719,F06_32
1720,F06_27
1721,F06_7
1722,F06_25
1723,F06_9
1724,F06_17
1725,F06_20
1726,F06_4
1727,F06_19
1728,F06_6
1729,F06_24
1730,F06_5
1731,F06_26
1732,F06_13
1733,F06_14
1734,F06_28
1735,F06_53
1736,F06_38
1737,F06_29
1738,F06_54
1739,F06_30
1740,F06_35
1741,F06_36
1742,F06_34
1743,F06_12
1744,F06_16
1745,F06_33
1746,F06_42
1747,F06_45
1748,F06_40
1749,F06_41
1750,F06_39
1751,F06_52
1752,F06_47
1753,F06_46
1754,F06_37
1755,F06_50
1756,F06_55
1757,F06_49
1758,F06_58
1759,F06_51
1760,F06_59
1761,F06_65
1762,F06_71
1763,F06_57
1764,F06_43
1765,F06_62
1766,F06_60
1767,F06_75
1768,F06_66
1769,F06_79
1770,F06_68
1771,F06_67
1772,F06_64
1773,F06_76
1774,F06_63
1775,F06_69
1776,F06_83
1777,F06_82
1778,F06_87
1779,F06_88
1780,F06_78
1781,F06_74
1782,F06_86
1783,F06_108
1784,F06_93
1785,F06_77
1786,F06_111
1787,F06_110
1788,F06_119
1789,F06_73
1790,F06_81
1791,F06_85
1792,F06_101
1793,F06_61
1794,F06_120
1795,F06_84
1796,F06_128
1797,F06_96
1798,F06_118
1799,F06_89
1800,F06_90
1801,F06_92
1802,F06_104
1803,F06_99
1804,F06_91
1805,F06_106
1806,F06_127
1807,F06_109
1808,F06_116
1809,F06_122
1810,F06_113
1811,F06_132
1812,F06_105
1813,F06_100
1814,F06_114
1815,F06_95
1816,F06_98
1817,F06_126
1818,F06_97
1819,F06_121
1820,F06_102
1821,F06_94
1822,F06_129
1823,F06_134
1824,F06_125
1825,F06_117
1826,F06_135
1827,F06_124
1828,F06_123
1829,F06_130
1830,F06_145
1831,F06_148
1832,F06_142
1833,F06_133
1834,F06_137
1835,F06_140
1836,F06_138
1837,F06_141
1838,F06_150
1839,F06_151
1840,F06_146
1841,F06_139
1842,F06_147
1843,F06_143
1844,F06_149
1845,F06_144
1846,F06_153
1847,F06_155
1848,F06_152
1849,F06_158
1850,F06_160
1851,F06_161
1852,F01_0
1853,F01_7
1854,F01_16
1855,F01_18
1856,F01_22
1857,F01_17
1858,F01_19
1859,F01_42
1860,F01_28
1861,F01_29
1862,F01_33
1863,F01_41
1864,F01_30
1865,F01_50
1866,F01_48
1867,F01_34
1868,F01_46
1869,F01_49
1870,J04_0
1871,J04_28
1872,J04_17
1873,J04_7
1874,J04_19
1875,J04_42
1876,J04_29
1877,J04_6
1878,J04_11
1879,J04_23
1880,J04_12
1881,J04_14
1882,J04_1
1883,J04_3
1884,J04_33
1885,J04_2
1886,J04_24
1887,J04_39
1888,J04_38
1889,J04_27
1890,J04_41
1891,J04_43
1892,J04_30
1893,J04_37
1894,J04_32
1895,J04_18
1896,J04_35
1897,J04_40
1898,J04_31
1899,J04_16
1900,J04_26
1901,J04_20
1902,J04_36
1903,J04_22
1904,J04_46
1905,J04_25
1906,J04_21
1907,J04_34
1908,J04_44
1909,J04_45
1910,J04_52
1911,J04_49
1912,J04_47
1913,J04_54
1914,J04_51
1915,J04_50
1916,J04_48
1917,J04_56
1918,J04_55
1919,J04_53
1920,J04_58
1921,J04_61
1922,J04_59
1923,J04_65
1924,J04_63
1925,J04_62
1926,J04_64
1927,J04_60
1928,J04_66
1929,J04_57
1930,J04_67
1931,J04_68
1932,J04_69
1933,J04_70
1934,J04_71
1935,H03_2
1936,H03_1
1937,H03_0
1938,H03_11
1939,H03_3
1940,H03_5
1941,H03_14
1942,H03_15
1943,H03_18
1944,H03_17
1945,H03_21
1946,H03_9
1947,H03_23
1948,H03_19
1949,H03_13
1950,H03_26
1951,H03_30
1952,H03_24
1953,H03_29
1954,H03_33
1955,H03_36
1956,H03_41
1957,H03_39
1958,H03_42
1959,H03_34
1960,H03_45
1961,H03_43
1962,H03_44
1963,J07_0
1964,J07_17
1965,J07_9
1966,J07_7
1967,J07_5
1968,J07_3
1969,J07_8
1970,J07_15
1971,J07_12
1972,J07_6
1973,J07_13
1974,J07_20
1975,J07_14
1976,J07_18
1977,J07_1
1978,J07_19
1979,J07_11
1980,J07_31
1981,J07_21
1982,J07_24
1983,J07_29
1984,J07_30
1985,J07_23
1986,J07_32
1987,J07_22
1988,J07_26
1989,J07_39
1990,J07_25
1991,J07_38
1992,J07_28
1993,J07_41
1994,J07_42
1995,J07_37
1996,J07_43
1997,J07_40
1998,J07_46
1999,J07_36
2000,J07_48
2001,J07_45
2002,J07_47
2003,J07_44
2004,J07_54
2005,J07_53
2006,J07_50
2007,J07_51
2008,F07_0
2009,F07_25
2010,F07_53
2011,F07_14
2012,F07_31
2013,F07_6
2014,F07_24
2015,F07_9
2016,F07_59
2017,F07_56
2018,F07_21
2019,F07_60
2020,F07_58
2021,F07_10
2022,F07_51
2023,F07_7
2024,F07_54
2025,F07_45
2026,F07_16
2027,F07_57
2028,F07_36
2029,F07_39
2030,F07_48
2031,F07_27
2032,F07_50
2033,F07_55
2034,F07_46
2035,F07_42
2036,F07_44
2037,F07_26
2038,F07_62
2039,F07_33
2040,F07_22
2041,F07_17
2042,F07_67
2043,F07_47
2044,F07_43
2045,F07_34
2046,F07_20
2047,F07_18
2048,F07_65
2049,F07_29
2050,F07_23
2051,F07_4
2052,F07_15
2053,F07_40
2054,F07_66
2055,F07_2
2056,F07_52
2057,F07_1
2058,F07_49
2059,F07_30
2060,F07_71
2061,F07_38
2062,F07_19
2063,F07_70
2064,F07_3
2065,F07_74
2066,F07_69
2067,F07_68
2068,F07_83
2069,F07_76
2070,F07_73
2071,F07_78
2072,F07_72
2073,F07_86
2074,F07_79
2075,F07_85
2076,F07_75
2077,F07_82
2078,F07_80
2079,F07_97
2080,F07_87
2081,F07_89
2082,F07_90
2083,F07_95
2084,F07_91
2085,F07_94
2086,F07_105
2087,F07_96
2088,F07_106
2089,F07_99
2090,F07_103
2091,F07_109
2092,F07_107
2093,F07_117
2094,F07_108
2095,F07_121
2096,F07_118
2097,F07_111
2098,F07_112
2099,F07_114
2100,F07_120
2101,F07_115
2102,F07_126
2103,F07_131
2104,F07_127
2105,F07_132
2106,F07_129
2107,F07_128
2108,F07_136
2109,F07_134
2110,E04_0
2111,E04_9
2112,E04_20
2113,E04_17
2114,E04_5
2115,E04_18
2116,E04_8
2117,E04_26
2118,E04_19
2119,E04_24
2120,E04_27
2121,E04_1
2122,E04_22
2123,E04_14
2124,E04_25
2125,E04_28
2126,E04_29
2127,E04_31
2128,E04_30
2129,E04_23
2130,E04_34
2131,E04_32
2132,E04_39
2133,E04_36
2134,E04_37
2135,E04_35
2136,E04_44
2137,E04_40
2138,E04_53
2139,E04_45
2140,E04_48
2141,E04_54
2142,E04_55
2143,E04_51
2144,E04_50
2145,E04_63
2146,E04_56
2147,E04_42
2148,E04_62
2149,E04_66
2150,E04_65
2151,E04_60
2152,E04_49
2153,E04_57
2154,E04_61
2155,E04_70
2156,E04_69
2157,E04_64
2158,E04_71
2159,E04_68
2160,J05_6
2161,J05_0
2162,J05_11
2163,J05_3
2164,J05_40
2165,J05_8
2166,J05_16
2167,J05_5
2168,J05_28
2169,J05_15
2170,J05_1
2171,J05_14
2172,J05_20
2173,J05_24
2174,J05_25
2175,J05_27
2176,J05_39
2177,J05_4
2178,J05_7
2179,J05_21
2180,J05_33
2181,J05_19
2182,J05_10
2183,J05_13
2184,J05_37
2185,J05_32
2186,J05_34
2187,J05_2
2188,J05_30
2189,J05_41
2190,J05_9
2191,J05_36
2192,J05_35
2193,J05_45
2194,J05_42
2195,J05_43
2196,J05_44
2197,J05_46
2198,J05_51
2199,J05_49
2200,J05_50
2201,J05_55
2202,J05_58
2203,J05_54
2204,J05_52
2205,J05_61
2206,J05_56
2207,J05_69
2208,J05_57
2209,J05_60
2210,J05_53
2211,J05_66
2212,J05_64
2213,J05_59
2214,J05_75
2215,J05_72
2216,J05_73
2217,J05_67
2218,J05_89
2219,J05_81
2220,J05_82
2221,J05_79
2222,J05_102
2223,J05_91
2224,J05_80
2225,J05_84
2226,J05_86
2227,J05_83
2228,J05_90
2229,J05_99
2230,J05_87
2231,J05_96
2232,J05_94
2233,J05_97
2234,J05_100
2235,J05_92
2236,J05_93
2237,J05_104
2238,J05_103
2239,G07_60
2240,G07_16
2241,G07_23
2242,G07_52
2243,G07_0
2244,G07_58
2245,G07_6
2246,G07_54
2247,G07_12
2248,G07_42
2249,G07_36
2250,G07_4
2251,G07_37
2252,G07_45
2253,G07_55
2254,G07_26
2255,G07_34
2256,G07_10
2257,G07_44
2258,G07_35
2259,G07_21
2260,G07_33
2261,G07_15
2262,G07_51
2263,G07_48
2264,G07_25
2265,G07_17
2266,G07_69
2267,G07_2
2268,G07_5
2269,G07_31
2270,G07_38
2271,G07_41
2272,G07_18
2273,G07_20
2274,G07_1
2275,G07_68
2276,G07_50
2277,G07_57
2278,G07_70
2279,G07_11
2280,G07_76
2281,G07_80
2282,G07_74
2283,G07_66
2284,G07_56
2285,G07_59
2286,G07_67
2287,G07_71
2288,G07_75
2289,G07_84
2290,G07_61
2291,G07_53
2292,G07_49
2293,G07_47
2294,G07_64
2295,G07_65
2296,G07_86
2297,G07_78
2298,G07_73
2299,G07_81
2300,G07_87
2301,G07_79
2302,G07_83
2303,G07_91
2304,G07_77
2305,G07_62
2306,G07_85
2307,G07_72
2308,G07_93
2309,G07_95
2310,G07_82
2311,G07_96
2312,G07_90
2313,G07_97
2314,G07_100
2315,G07_98
2316,G07_94
2317,G07_99
2318,G07_114
2319,G07_101
2320,G07_104
2321,G07_106
2322,G07_112
2323,G07_119
2324,G07_107
2325,G07_113
2326,G07_110
2327,G07_111
2328,G07_122
2329,G07_115
2330,G07_117
2331,G07_127
2332,G07_118
2333,G07_123
2334,G07_121
2335,G07_130
2336,G07_124
2337,G07_147
2338,G07_120
2339,G07_149
2340,G07_133
2341,G07_143
2342,G07_157
2343,G07_135
2344,G07_136
2345,G07_145
2346,G07_146
2347,G07_140
2348,G07_165
2349,G07_156
2350,G07_129
2351,G07_158
2352,G07_142
2353,G07_161
2354,G07_151
2355,G07_132
2356,G07_150
2357,G07_138
2358,G07_155
2359,G07_152
2360,G07_139
2361,G07_153
2362,G07_164
2363,G07_163
2364,G07_169
2365,G07_159
2366,G07_154
2367,F08_0
2368,F08_35
2369,F08_29
2370,F08_33
2371,F08_47
2372,F08_24
2373,F08_42
2374,F08_50
2375,F08_44
2376,F08_23
2377,F08_7
2378,F08_31
2379,F08_43
2380,F08_40
2381,F08_59
2382,F08_2
2383,F08_5
2384,F08_13
2385,F08_48
2386,F08_3
2387,F08_6
2388,F08_14
2389,F08_39
2390,F08_52
2391,F08_4
2392,F08_1
2393,F08_32
2394,F08_17
2395,F08_26
2396,F08_41
2397,F08_51
2398,F08_21
2399,F08_55
2400,F08_53
2401,F08_49
2402,F08_58
2403,F08_56
2404,F08_54
2405,F08_62
2406,F08_64
2407,F08_61
2408,F08_46
2409,F08_67
2410,F08_75
2411,F08_68
2412,F08_69
2413,F08_66
2414,F08_79
2415,F08_65
2416,F08_78
2417,F08_77
2418,F08_76
2419,F08_74
2420,F08_80
2421,F08_86
2422,F08_91
2423,F08_85
2424,F08_89
2425,F08_82
2426,F08_81
2427,F08_84
2428,F08_87
2429,F08_88
2430,F08_96
2431,F08_99
2432,F08_90
2433,F08_93
2434,F08_102
2435,F08_97
2436,F08_95
2437,F08_101
2438,F08_116
2439,F08_121
2440,F08_114
2441,F08_94
2442,F08_106
2443,F08_98
2444,F08_100
2445,F08_105
2446,F08_113
2447,F08_115
2448,F08_108
2449,F08_104
2450,F08_120
2451,F08_109
2452,F08_111
2453,F08_112
2454,F08_124
2455,F08_118
2456,F08_122
2457,F08_119
2458,F08_126
2459,F08_123
2460,F08_127
2461,G05_0
2462,G05_16
2463,G05_5
2464,G05_26
2465,G05_8
2466,G05_6
2467,G05_33
2468,G05_21
2469,G05_4
2470,G05_12
2471,G05_24
2472,G05_28
2473,G05_11
2474,G05_10
2475,G05_15
2476,G05_18
2477,G05_13
2478,G05_14
2479,G05_7
2480,G05_27
2481,G05_34
2482,G05_29
2483,G05_23
2484,G05_9
2485,G05_52
2486,G05_20
2487,G05_35
2488,G05_32
2489,G05_19
2490,G05_1
2491,G05_38
2492,G05_41
2493,G05_42
2494,G05_50
2495,G05_31
2496,G05_37
2497,G05_46
2498,G05_30
2499,G05_43
2500,G05_40
2501,G05_67
2502,G05_60
2503,G05_48
2504,G05_54
2505,G05_49
2506,G05_47
2507,G05_69
2508,G05_51
2509,G05_62
2510,G05_73
2511,G05_55
2512,G05_57
2513,G05_36
2514,G05_68
2515,G05_66
2516,G05_58
2517,G05_77
2518,G05_63
2519,G05_61
2520,G05_78
2521,G05_53
2522,G05_59
2523,G05_65
2524,G05_86
2525,G05_72
2526,G05_83
2527,G05_74
2528,G05_85
2529,G05_56
2530,G05_75
2531,G05_76
2532,G05_81
2533,G05_93
2534,G05_70
2535,G05_80
2536,G05_101
2537,G05_92
2538,G05_79
2539,G05_82
2540,G05_97
2541,G05_95
2542,G05_84
2543,G05_102
2544,G05_91
2545,G05_98
2546,G05_108
2547,G05_118
2548,G05_105
2549,G05_96
2550,G05_110
2551,G05_115
2552,G05_99
2553,G05_112
2554,G05_106
2555,G05_109
2556,G05_119
2557,G05_111
2558,G05_107
2559,G05_113
2560,G05_116
2561,G05_127
2562,G05_125
2563,G05_126
2564,G05_117
2565,G05_124
2566,G05_132
2567,G05_120
2568,G05_123
2569,G05_121
2570,G05_128
2571,G05_122
2572,G05_137
2573,G05_136
2574,G05_130
2575,G05_140
2576,G05_131
2577,G05_129
2578,G05_142
2579,G05_138
2580,G05_144
2581,G05_143
2582,G05_134
2583,G05_141
2584,G05_139
2585,G05_145
2586,G05_148
2587,E07_0
2588,E07_2
2589,E07_14
2590,E07_3
2591,E07_6
2592,E07_7
2593,E07_4
2594,E07_15
2595,E07_5
2596,E07_1
2597,E07_9
2598,E07_17
2599,E07_8
2600,E07_10
2601,E07_16
2602,E07_18
2603,E07_21
2604,E07_20
2605,E07_19
2606,E07_23
2607,E07_32
2608,E07_26
2609,E07_31
2610,E07_27
2611,E07_28
2612,E07_35
2613,E07_39
2614,E07_36
2615,E07_33
2616,E07_29
2617,E07_38
2618,E07_34
2619,E07_43
2620,E07_51
2621,E07_44
2622,E07_40
2623,E07_37
2624,E07_48
2625,E07_42
2626,E07_41
2627,E07_45
2628,E07_46
2629,E07_47
2630,E07_52
2631,E07_50
2632,E07_49
2633,E07_54
2634,H07_0
2635,H07_4
2636,H07_36
2637,H07_48
2638,H07_37
2639,H07_95
2640,H07_40
2641,H07_71
2642,H07_30
2643,H07_54
2644,H07_11
2645,H07_51
2646,H07_42
2647,H07_20
2648,H07_50
2649,H07_9
2650,H07_39
2651,H07_32
2652,H07_15
2653,H07_65
2654,H07_38
2655,H07_17
2656,H07_28
2657,H07_29
2658,H07_19
2659,H07_66
2660,H07_25
2661,H07_63
2662,H07_62
2663,H07_83
2664,H07_49
2665,H07_16
2666,H07_72
2667,H07_7
2668,H07_58
2669,H07_80
2670,H07_6
2671,H07_76
2672,H07_75
2673,H07_14
2674,H07_12
2675,H07_82
2676,H07_23
2677,H07_47
2678,H07_89
2679,H07_35
2680,H07_67
2681,H07_87
2682,H07_59
2683,H07_55
2684,H07_2
2685,H07_81
2686,H07_33
2687,H07_77
2688,H07_57
2689,H07_99
2690,H07_79
2691,H07_86
2692,H07_97
2693,H07_78
2694,H07_92
2695,H07_88
2696,H07_94
2697,H07_100
2698,H07_103
2699,H07_102
2700,H07_110
2701,H07_96
2702,H07_98
2703,H07_90
2704,H07_105
2705,H07_101
2706,H07_112
2707,H07_114
2708,H07_115
2709,H07_111
2710,H07_117
2711,H07_125
2712,H07_118
2713,H07_120
2714,H07_119
2715,H07_123
2716,H07_126
2717,H07_127
2718,H07_116
2719,H07_122
2720,H07_124
2721,H07_128
2722,H07_136
2723,H07_138
2724,H07_121
2725,H07_133
2726,H07_135
2727,H07_130
2728,H07_134
2729,H07_132
2730,H07_129
2731,H07_131
2732,H07_137
2733,H07_140
2734,H07_143
2735,H07_147
2736,H07_142
2737,H07_144
2738,H07_139
2739,H07_153
2740,H07_156
2741,H07_150
2742,H07_155
2743,H07_149
2744,H07_154
2745,H07_157
2746,H07_162
2747,H07_152
2748,H07_141
2749,H07_158
2750,H07_163
2751,H07_166
2752,H07_165
2753,H07_159
2754,H07_174
2755,H07_170
2756,H07_171
2757,H07_161
2758,H07_160
2759,H07_169
2760,H07_172
2761,H07_168
2762,H07_178
2763,H07_176
2764,H07_179
2765,H07_186
2766,H07_175
2767,H07_185
2768,H07_183
2769,H07_182
2770,H07_173
2771,H07_145
2772,D04_0
2773,D04_50
2774,D04_13
2775,D04_35
2776,D04_23
2777,D04_40
2778,D04_14
2779,D04_18
2780,D04_15
2781,D04_9
2782,D04_6
2783,D04_1
2784,D04_28
2785,D04_44
2786,D04_22
2787,D04_11
2788,D04_39
2789,D04_8
2790,D04_5
2791,D04_29
2792,D04_10
2793,D04_7
2794,D04_52
2795,D04_3
2796,D04_37
2797,D04_21
2798,D04_34
2799,D04_33
2800,D04_31
2801,D04_26
2802,D04_2
2803,D04_43
2804,D04_38
2805,D04_49
2806,D04_42
2807,D04_32
2808,D04_36
2809,D04_53
2810,D04_62
2811,D04_48
2812,D04_51
2813,D04_41
2814,D04_56
2815,D04_70
2816,D04_58
2817,D04_60
2818,D04_71
2819,D04_68
2820,D04_87
2821,D04_73
2822,D04_57
2823,D04_69
2824,D04_67
2825,D04_55
2826,D04_61
2827,D04_66
2828,D04_63
2829,D04_59
2830,D04_79
2831,D04_78
2832,D04_77
2833,D04_80
2834,D04_82
2835,D04_115
2836,D04_81
2837,D04_74
2838,D04_85
2839,D04_103
2840,D04_88
2841,D04_76
2842,D04_97
2843,D04_96
2844,D04_86
2845,D04_111
2846,D04_83
2847,D04_90
2848,D04_104
2849,D04_100
2850,D04_93
2851,D04_116
2852,D04_75
2853,D04_102
2854,D04_110
2855,D04_99
2856,D04_117
2857,D04_120
2858,D04_121
2859,D04_108
2860,D04_106
2861,D04_95
2862,D04_135
2863,D04_119
2864,D04_128
2865,D04_101
2866,D04_126
2867,D04_129
2868,D04_109
2869,D04_112
2870,D04_132
2871,D04_98
2872,D04_114
2873,D04_144
2874,D04_145
2875,D04_123
2876,D04_125
2877,D04_130
2878,D04_156
2879,D04_134
2880,D04_143
2881,D04_142
2882,D04_133
2883,D04_153
2884,D04_148
2885,D04_162
2886,D04_150
2887,D04_140
2888,D04_92
2889,D04_141
2890,D04_168
2891,D04_154
2892,D04_157
2893,D04_158
2894,D04_166
2895,D04_165
2896,D04_170
2897,D04_167
2898,D04_163
2899,D04_173
2900,D04_146
2901,D04_169
2902,D04_161
2903,D04_160
2904,D04_136
2905,D04_137
2906,D04_180
2907,G02_0
2908,G02_28
2909,G02_34
2910,I08_0
2911,I08_7
2912,I08_9
2913,I08_8
2914,I08_10
2915,I08_12
2916,I08_11
2917,I08_13
2918,I08_14
2919,I08_15
2920,I08_17
2921,I08_18
2922,H06_91
2923,H06_96
2924,H06_76
2925,H06_94
2926,H06_14
2927,H06_0
2928,H06_109
2929,H06_37
2930,H06_31
2931,H06_53
2932,H06_110
2933,H06_78
2934,H06_63
2935,H06_128
2936,H06_30
2937,H06_132
2938,H06_57
2939,H06_32
2940,H06_56
2941,H06_13
2942,H06_50
2943,H06_33
2944,H06_38
2945,H06_101
2946,H06_52
2947,H06_36
2948,H06_114
2949,H06_34
2950,H06_6
2951,H06_20
2952,H06_62
2953,H06_126
2954,H06_54
2955,H06_21
2956,H06_108
2957,H06_47
2958,H06_100
2959,H06_90
2960,H06_9
2961,H06_59
2962,H06_119
2963,H06_92
2964,H06_88
2965,H06_55
2966,H06_123
2967,H06_69
2968,H06_107
2969,H06_66
2970,H06_104
2971,H06_84
2972,H06_118
2973,H06_10
2974,H06_72
2975,H06_111
2976,H06_99
2977,H06_112
2978,H06_86
2979,H06_105
2980,H06_106
2981,H06_103
2982,H06_35
2983,H06_22
2984,H06_70
2985,H06_98
2986,H06_3
2987,H06_115
2988,H06_7
2989,H06_102
2990,H06_49
2991,H06_39
2992,H06_120
2993,H06_23
2994,H06_162
2995,H06_26
2996,H06_147
2997,H06_71
2998,H06_137
2999,H06_64
3000,H06_133
3001,H06_121
3002,H06_131
3003,H06_116
3004,H06_127
3005,H06_130
3006,H06_122
3007,H06_143
3008,H06_95
3009,H06_129
3010,H06_153
3011,H06_125
3012,H06_117
3013,H06_163
3014,H06_135
3015,H06_154
3016,H06_139
3017,H06_138
3018,H06_152
3019,H06_177
3020,H06_155
3021,H06_144
3022,H06_146
3023,H06_140
3024,H06_181
3025,H06_156
3026,H06_189
3027,H06_136
3028,H06_169
3029,H06_159
3030,H06_157
3031,H06_134
3032,H06_174
3033,H06_170
3034,H06_168
3035,H06_151
3036,H06_145
3037,H06_193
3038,H06_164
3039,H06_190
3040,H06_180
3041,H06_175
3042,H06_187
3043,H06_202
3044,H06_160
3045,H06_205
3046,H06_192
3047,H06_194
3048,H06_178
3049,H06_173
3050,H06_186
3051,H06_198
3052,H06_220
3053,H06_185
3054,H06_235
3055,H06_201
3056,H06_167
3057,H06_225
3058,H06_183
3059,H06_213
3060,H06_217
3061,H06_212
3062,H06_176
3063,H06_214
3064,H06_208
3065,H06_221
3066,H06_227
3067,H06_226
3068,H06_207
3069,H06_216
3070,H06_210
3071,H06_184
3072,H06_206
3073,H06_224
3074,H06_223
3075,H06_228
3076,H06_230
3077,H06_209
3078,H06_232
3079,H06_231
3080,H06_191
3081,H06_250
3082,H06_165
3083,H06_247
3084,H06_236
3085,H06_243
3086,H06_251
3087,H06_179
3088,H06_239
3089,H06_240
3090,H06_203
3091,H06_254
3092,H06_196
3093,H06_229
3094,H06_200
3095,H06_171
3096,H06_260
3097,H06_255
3098,H06_283
3099,H06_246
3100,H06_274
3101,H06_241
3102,H06_248
3103,H06_268
3104,H06_266
3105,H06_264
3106,H06_245
3107,H06_257
3108,H06_259
3109,H06_276
3110,H06_249
3111,H06_265
3112,H06_253
3113,H06_258
3114,H06_267
3115,H06_285
3116,H06_262
3117,H06_263
3118,H06_273
3119,H06_272
3120,H06_275
3121,H06_261
3122,H06_301
3123,H06_293
3124,H06_281
3125,H06_284
3126,H06_286
3127,H06_287
3128,H06_292
3129,H06_295
3130,H06_290
3131,H06_304
3132,H06_278
3133,H06_282
3134,H06_307
3135,H06_288
3136,H06_306
3137,H06_303
3138,H06_302
3139,H06_300
3140,H06_296
3141,H06_314
3142,H06_312
3143,H06_297
3144,H06_309
3145,H06_329
3146,H06_311
3147,H06_310
3148,H06_320
3149,H06_315
3150,H06_326
3151,E05_0
3152,E05_27
3153,E05_3
3154,E05_30
3155,E05_5
3156,E05_15
3157,E05_14
3158,E05_25
3159,E05_12
3160,E05_7
3161,E05_34
3162,E05_8
3163,E05_1
3164,E05_23
3165,E05_16
3166,E05_28
3167,E05_20
3168,E05_4
3169,E05_35
3170,E05_37
3171,E05_32
3172,E05_39
3173,E05_38
3174,E05_40
3175,E05_41
3176,E05_43
3177,E05_36
3178,E05_48
3179,E05_45
3180,E05_53
3181,E05_54
3182,E05_49
3183,E05_44
3184,E05_42
3185,E05_50
3186,E05_58
3187,E05_56
3188,E05_47
3189,E05_51
3190,E05_57
3191,E05_60
3192,E05_70
3193,E05_73
3194,E05_62
3195,E05_66
3196,E05_64
3197,E05_75
3198,E05_69
3199,E05_67
3200,E05_72
3201,E05_71
3202,E05_74
3203,E05_83
3204,E05_82
3205,E05_77
3206,E05_80
3207,E05_81
3208,E05_88
3209,E05_86
3210,E05_87
3211,E05_91
3212,E05_94
3213,E05_93
3214,I03_0
3215,I03_3
3216,I03_10
3217,I03_7
3218,I03_2
3219,I03_9
3220,I03_5
3221,I03_6
3222,I03_8
3223,I03_11
3224,I03_13
3225,I03_14
3226,I03_20
3227,I03_12
3228,I03_17
3229,I03_18
3230,I03_19
3231,I03_15
3232,I03_16
3233,I03_21
3234,I03_22
3235,I03_26
3236,I03_23
3237,I03_24
3238,I03_28
3239,I03_25
3240,I03_29
3241,I03_31
3242,I07_0
3243,I07_2
3244,I07_3
3245,I07_66
3246,I07_7
3247,I07_9
3248,I07_56
3249,I07_89
3250,I07_30
3251,I07_50
3252,I07_42
3253,I07_71
3254,I07_61
3255,I07_12
3256,I07_6
3257,I07_64
3258,I07_32
3259,I07_19
3260,I07_58
3261,I07_63
3262,I07_16
3263,I07_59
3264,I07_22
3265,I07_57
3266,I07_29
3267,I07_54
3268,I07_62
3269,I07_21
3270,I07_24
3271,I07_10
3272,I07_45
3273,I07_15
3274,I07_23
3275,I07_31
3276,I07_8
3277,I07_35
3278,I07_74
3279,I07_4
3280,I07_67
3281,I07_72
3282,I07_77
3283,I07_25
3284,I07_39
3285,I07_69
3286,I07_68
3287,I07_93
3288,I07_55
3289,I07_76
3290,I07_37
3291,I07_49
3292,I07_87
3293,I07_90
3294,I07_88
3295,I07_86
3296,I07_78
3297,I07_85
3298,I07_83
3299,I07_81
3300,I07_94
3301,I07_65
3302,I07_97
3303,I07_91
3304,I07_84
3305,I07_102
3306,I07_103
3307,I07_99
3308,I07_101
3309,I07_95
3310,I07_114
3311,I07_105
3312,I07_107
3313,I07_100
3314,I07_106
3315,I07_113
3316,I07_112
3317,I07_110
3318,I07_116
3319,I07_128
3320,I07_111
3321,I07_123
3322,I07_118
3323,I07_125
3324,I07_121
3325,I07_117
3326,I07_131
3327,I07_124
3328,I07_133
3329,I07_126
3330,I07_130
3331,I07_115
3332,I07_122
3333,I07_139
3334,I07_132
3335,I07_143
3336,I07_129
3337,I07_142
3338,I07_109
3339,I07_53
3340,I07_137
3341,I07_136
3342,I07_135
3343,I07_158
3344,I07_149
3345,I07_144
3346,I07_146
3347,I07_153
3348,I07_145
3349,I07_161
3350,I07_151
3351,I07_154
3352,I07_160
3353,I07_170
3354,I07_147
3355,I07_165
3356,I07_155
3357,I07_167
3358,I07_173
3359,I07_171
3360,I07_169
3361,I07_168
3362,I07_163
3363,I07_177
3364,I07_172
3365,I07_176
3366,I07_156
3367,I07_175
3368,I07_159
3369,I07_179
3370,F03_0
3371,F03_3
3372,F03_4
3373,F03_6
3374,F03_1
3375,F03_7
3376,F03_9
3377,F03_2
3378,F03_10
3379,F03_11
3380,F03_14
3381,F03_19
3382,F03_17
3383,F03_18
3384,F03_22
3385,F03_23
3386,F03_26
3387,F03_24
3388,F03_27
3389,F03_30
3390,F03_29
3391,F03_31
3392,F03_33
3393,F03_32
3394,F03_36
3395,D02_0
3396,D02_12
3397,D02_5
3398,D02_7
3399,D02_9
3400,D02_10
3401,D02_16
3402,D02_21
3403,D02_17
3404,D02_19
3405,D02_24
3406,D02_30
3407,D02_22
3408,D02_23
3409,D02_35
3410,D02_27
3411,D02_36
3412,D02_32
3413,D02_41
3414,D02_20
3415,D02_31
3416,D02_33
3417,D02_29
3418,D02_37
3419,D02_38
3420,D02_34
3421,D02_46
3422,D02_49
3423,D02_44
3424,D02_47
3425,D02_43
3426,D02_39
3427,D02_50
3428,D02_45
3429,D02_57
3430,D02_63
3431,D02_52
3432,D02_58
3433,D02_51
3434,D02_60
3435,D02_62
3436,D02_65
3437,D02_64
3438,G04_0
3439,G04_5
3440,G04_4
3441,G04_2
3442,G04_8
3443,G04_7
3444,G04_3
3445,G04_6
3446,G04_1
3447,G04_11
3448,G04_9
3449,G04_12
3450,G04_16
3451,G04_19
3452,G04_18
3453,G04_17
3454,G04_15
3455,G04_14
3456,G04_21
3457,G04_22
3458,G04_23
3459,G04_20
3460,G04_25
3461,G04_24
3462,G04_28
3463,G04_26
3464,G04_29
3465,G04_27
3466,G04_30
3467,G04_31
3468,G04_32
3469,G04_33
3470,G04_35
3471,G04_36
3472,G04_39
3473,G04_37
3474,G04_40
3475,G04_44
